event,start_unix,end_unix,ok
generator_start,1790273410.697,1790273410.705,1
pmon,1790273410.713,1790273410.768,1
cpu_burst,1790273410.768,1790273412.770,1
pmon,1790273415.735,1790273415.786,1
screen_capture,1790273415.786,1790273415.825,1
pmon,1790273420.751,1790273420.804,1
pmon,1790273425.767,1790273425.815,1
cpu_burst,1790273425.815,1790273427.822,1
pmon,1790273430.787,1790273430.845,1
screen_capture,1790273430.845,1790273430.862,1
pmon,1790273435.801,1790273435.860,1
pmon,1790273440.812,1790273440.863,1
cpu_burst,1790273440.863,1790273442.866,1
pmon,1790273445.829,1790273445.894,1
screen_capture,1790273445.894,1790273445.910,1
pmon,1790273450.835,1790273450.911,1
pmon,1790273455.859,1790273455.911,1
cpu_burst,1790273455.911,1790273457.919,1
pmon,1790273460.876,1790273460.929,1
screen_capture,1790273460.929,1790273460.938,1
pmon,1790273465.893,1790273465.958,1
pmon,1790273470.908,1790273470.958,1
cpu_burst,1790273470.959,1790273472.962,1
pmon,1790273475.924,1790273475.985,1
screen_capture,1790273475.985,1790273476.000,1
pmon,1790273480.938,1790273480.988,1
pmon,1790273485.939,1790273485.989,1
cpu_burst,1790273485.989,1790273487.993,1
pmon,1790273490.953,1790273491.023,1
screen_capture,1790273491.023,1790273491.036,1
pmon,1790273495.969,1790273496.019,1
pmon,1790273500.985,1790273501.038,1
cpu_burst,1790273501.038,1790273503.048,1
pmon,1790273506.000,1790273506.055,1
screen_capture,1790273506.055,1790273506.069,1
pmon,1790273511.016,1790273511.067,1
pmon,1790273516.028,1790273516.085,1
cpu_burst,1790273516.085,1790273518.091,1
pmon,1790273521.032,1790273521.083,1
screen_capture,1790273521.083,1790273521.094,1
pmon,1790273526.047,1790273526.112,1
pmon,1790273531.052,1790273531.118,1
cpu_burst,1790273531.120,1790273533.131,1
pmon,1790273536.052,1790273536.117,1
screen_capture,1790273536.117,1790273536.131,1
pmon,1790273541.068,1790273541.110,1
pmon,1790273546.070,1790273546.118,1
cpu_burst,1790273546.123,1790273548.123,1
pmon,1790273551.082,1790273551.133,1
screen_capture,1790273551.133,1790273551.147,1
pmon,1790273556.084,1790273556.151,1
pmon,1790273561.085,1790273561.133,1
cpu_burst,1790273561.133,1790273563.141,1
pmon,1790273566.102,1790273566.149,1
screen_capture,1790273566.149,1790273566.165,1
pmon,1790273571.114,1790273571.161,1
pmon,1790273576.131,1790273576.176,1
cpu_burst,1790273576.176,1790273578.183,1
pmon,1790273581.133,1790273581.199,1
screen_capture,1790273581.199,1790273581.207,1
pmon,1790273586.133,1790273586.184,1
pmon,1790273591.142,1790273591.204,1
cpu_burst,1790273591.209,1790273593.224,1
pmon,1790273596.146,1790273596.192,1
screen_capture,1790273596.192,1790273596.205,1
pmon,1790273601.153,1790273601.221,1
pmon,1790273606.165,1790273606.231,1
cpu_burst,1790273606.233,1790273608.235,1
pmon,1790273611.178,1790273611.220,1
screen_capture,1790273611.220,1790273611.237,1
pmon,1790273616.197,1790273616.271,1
pmon,1790273621.212,1790273621.282,1
cpu_burst,1790273621.287,1790273623.289,1
pmon,1790273626.228,1790273626.293,1
screen_capture,1790273626.293,1790273626.307,1
pmon,1790273631.236,1790273631.298,1
pmon,1790273636.251,1790273636.298,1
cpu_burst,1790273636.298,1790273638.299,1
pmon,1790273641.267,1790273641.333,1
screen_capture,1790273641.333,1790273641.347,1
pmon,1790273646.278,1790273646.332,1
pmon,1790273651.298,1790273651.349,1
cpu_burst,1790273651.350,1790273653.365,1
pmon,1790273656.313,1790273656.360,1
screen_capture,1790273656.360,1790273656.375,1
pmon,1790273661.314,1790273661.365,1
pmon,1790273666.328,1790273666.392,1
cpu_burst,1790273666.397,1790273668.407,1
pmon,1790273671.337,1790273671.395,1
screen_capture,1790273671.395,1790273671.408,1
pmon,1790273676.342,1790273676.393,1
pmon,1790273681.346,1790273681.391,1
cpu_burst,1790273681.391,1790273683.391,1
pmon,1790273686.364,1790273686.411,1
screen_capture,1790273686.411,1790273686.419,1
pmon,1790273691.376,1790273691.427,1
pmon,1790273696.391,1790273696.442,1
cpu_burst,1790273696.442,1790273698.442,1
pmon,1790273701.406,1790273701.470,1
screen_capture,1790273701.470,1790273701.486,1
pmon,1790273706.407,1790273706.475,1
pmon,1790273711.424,1790273711.481,1
cpu_burst,1790273711.481,1790273713.493,1
pmon,1790273716.438,1790273716.500,1
screen_capture,1790273716.500,1790273716.516,1
pmon,1790273721.440,1790273721.501,1
pmon,1790273726.454,1790273726.519,1
cpu_burst,1790273726.520,1790273728.528,1
pmon,1790273731.471,1790273731.519,1
screen_capture,1790273731.519,1790273731.532,1
generator_stop_stop_file,1790273736.487,1790273736.488,1
